Faculty Name,Publication,Date
Dr M Umadevi,"Sini Raj Pulari, Maramreddy Umadevi, Shriram K. Vasudevan, Optimizing multimodal personalized disease prediction accuracy using generated prompts and large language models, Image and Vision Computing, Volume 161, 2025, 105649, ISSN 0262-8856, https://doi.org/10.1016/j.imavis.2025.105649.",2025 September
Dr M Umadevi,"Jyothika, Bhimavarapu & Umadevi, M.. (2025). Performance Analysis of Pretrained CNN Models vs Dataset Biases in Deep Fake Identification Perspective. 896-903. 10.1109/ICIRCA65293.2025.11089555.",2025 July
Dr M Umadevi,"S. R. Pulari, M. Umadevi, S. K. Vasudevan. Improved Fine-Tuned Reinforcement Learning From Human Feedback Using Prompting Methods for News Summarization, International Journal of Interactive Multimedia and Artificial Intelligence, vol. 9, no. 2, pp. 59-67, 2025, http://dx.doi.org/10.9781/ijimai.2025.02.001",2025 March
Dr M Umadevi,"Raj, Sini. , Maramreddy, Umadevi. , K., Shriram. A comprehensive and systematic exposition on Automatic Text Summarization Technique: A deeper coverage on extractive, abstractive and hybrid methods. Fusion: Practice and Applications, vol. , no. , 2025, pp. 179-192. DOI: https://doi.org/10.54216/FPA.200114",2025 February
Dr M Umadevi,"J Hima Bindu, M Uma Devi,'Deriving Efficient 3D U-Net Based Segmented Anomaly Detection and Classification in 3D MRI Images Using ConvLSTM Model and Shuffled Frog Leaping Algorithm',https://doi.org/10.52783/jisem.v10i16s.2591, Vol. 10 No. 16s (2025)",2025 February
Dr M Umadevi,"Pulari, S.R., Maramreddy, U., Vasudevan, S.K. (2024). Enhancing Text Summarization Through Reinforcement Learning in LLMs: RLHF Versus RLAIF with Human Selection Strategy (HSS). In: Hassanien, A.E., Anand, S., Jaiswal, A., Kumar, P. (eds) Innovative Computing and Communications. ICICC 2024. Lecture Notes in Networks and Systems, vol 1043. Springer, Singapore.",2024 October
Dr M Umadevi,"15. J. H. Bindu and M. U. Devi, ""An Extensive Review of Intelligent Deep Learning Based Anomaly Detection and Classification of 3D MRI Brain Imaging Data,"" 2024 3rd International Conference on Sentiment Analysis and Deep Learning (ICSADL), Bhimdatta, Nepal, 2024, pp. 71-75, doi: 10.1109/ICSADL61749.2024.00017.",2024 July
Dr M Umadevi,"J. H. Bindu and M. U. Devi, ""Classification of Brain Tumor Images using Segmentation and Transfer Learning,"" 2024 5th International Conference on Mobile Computing and Sustainable Informatics (ICMCSI), Lalitpur, Nepal, 2024, pp. 225-232,doi:10.1109/ICMCSI61536.2024.00040.",2024 July
Dr M Umadevi,"13. M. Umadevi, S. B. Krishna and N. S. Kumar, ""Deep Fake Face Detection using Efficient Convolutional Neural Networks,"" 2024 5th International Conference on Image Processing and Capsule Networks (ICIPCN), Dhulikhel, Nepal, 2024, pp. 344-352, doi: 10.1109/ICIPCN63822.2024.00063.",2023 January
Dr M Umadevi,"12. Dr. C. Raghavendra rao Dr. M. umadevi, “Identification of Print Technology based on Homogeneous regions of Image A forensic Perspective”, IRJET, Volume 8, Issue 11, Pages 1331-1341, Nov 2021. EISSN 2395-0056",2021 November
Dr M Umadevi,"M. Umadevi, ‘Document Comparison Based on TF-IDF Metric’ , IRJET, Volume 7, Issue 2, February 2020 , Print ISSN 2395-0072",2020 February
Dr M Umadevi,"Umadevi M, Srujana P and Krishna Vamsi P, ‘Sentiment Analysis of Twitter JET, Volume 6, Issue 12, Pg 2120-2125, December 2019. Print ISSN 2395-0072",2019 December
Dr M Umadevi,"M. Umadevi, C. Raghavendra Rao and M. Jayaram, ‘Statistical Measures for Differentiation of Photocopy from Print technology –Forensic perspective’, IJCA, Volume 105, No.15, Pages 1-7, Nov 2014.",2014 November
Dr M Umadevi,"M Umadevi, Arun Agarwal and C. Raghavendra Rao, `Printed Text Characterization for Identifying Print Technology using Expectation Maximization Algorithm’ MIWAI 2011, Multidisciplinary international Workshop on Artificial Intelligence, Dec2011, Hyderabad, Springer Verlag, LNAI, Vol.7080, Pages 201-212, 2011. Print ISBN 978-3-642-25724-7",2011 December
Dr M Umadevi,"M. Umadevi, Arun Agarwal and C. Raghavendra Rao,`Identification of Print technology based on Homogeneous regions of Image’, RSKT ‘2011, 6th International Conference on Roughset and Knowledge Technology Oct 9-12,2011, Banff, Canada. Springer Verlag LNCS 6954. Print ISBN 978-3-642-24424-7",2011 October
Dr M Umadevi,"3. M. Uma Devi, C. Raghavendra Rao and Arun Agarwal, `A Survey of Image Processing Techniques for Identification of Printing Technology in Document Forensic Perspective' IJCA, Special Issue on RTIPPR(1), Pages 9-15, 2010",2010 January
Dr M Umadevi,"M Umadevi, Arun Agarwal and C. Raghavendra Rao, `Gaussian Variogram Model for Printing Technology Identification', IEEE International Conference on Asian Modeling Symposium, Indonesia, Pages 320-325, 2009. http://doi.ieeecomputersociety.org/10.1109/AMS.2009.20. ISBN: 978-1-4244-4154-9",2009 February
Dr Venkatrama Phani Kumar S,"Vallabhajosyula, Sasikala, Venkatramaphanikumar Sistla, and Venkata Krishna Kishore Kolli. ""A novel hierarchical framework for plant leaf disease detection using residual vision transformer."" Heliyon 10.9 (2024). {SCIE, IF: 4}",2024 April
Dr Venkatrama Phani Kumar S,"Potluri, Tejaswi, and Venkata Krishna Kishore K. ""An automated online proctoring system using attentive-net to assess student mischievous behavior."" Multimedia Tools and Applications 82.20 (2023): 30375-30404. {SCIE, IF: 3.6}",2023 August
Dr Venkatrama Phani Kumar S,"Tejaswi, Potluri, S. Venkatramaphanikumar, and K. Venkata Krishna Kishore. ""Proctor net: An AI framework for suspicious activity detection in online proctored examinations."" Measurement 206 (2023): 112266. {SCIE, IF: 5.1}",2023 June
Dr Venkatrama Phani Kumar S,"Siva Koteswara Rao Chinnam, Venkatramaphanikumar Sistla, Venkata Krishna Kishore Kolli, Multimodal attention-gated cascaded U-Net model for automatic brain tumor detection and segmentation, Biomedical Signal Processing and Control, Volume 78, 2022, 103907, ISSN 1746-8094. https://doi.org/10.1016/j.bspc.2022.103907. {SCIE, IF: 5.1}",2022 September
Dr Venkatrama Phani Kumar S,"Edara, Deepak Chowdary, Venkatramaphanikumar Sistla, and Venkata Krishna Kishore Kolli. ""Deep finesse network model with multichannel syntactic and contextual features for target-specific sentiment classification."" Applied Intelligence 52.8 (2022): 8664-8684. {SCIE, IF: 5.1}",2022 August
Dr Venkatrama Phani Kumar S,"Vallabhajosyula, Sasikala, Venkatramaphanikumar Sistla, and Venkata Krishna Kishore Kolli. ""Transfer learning-based deep ensemble neural network for plant leaf disease detection."" Journal of Plant Diseases and Protection 129.3 (2022): 545-558. {SCIE, 1.9}",2022 June
Dr Venkatrama Phani Kumar S,"Shaik, Riyaz, and S. Venkatramaphanikumar. ""Sentiment analysis with wordbased Urdu speech recognition."" Journal of Ambient Intelligence and Humanized Computing 13.5 (2022): 2511-2531. {SCIE, IF: 2.7}",2022 January
Dr Venkatrama Phani Kumar S,"Edara, D.C., Vanukuri, L.P., Venkatrama Phani Kumar S, K V Krishna Kishore, Sentiment analysis and text categorization of cancer medical records with LSTM. Journal of Ambient Intelligence and Humanized Computing (2019). {SCIE, IF: 7.1}",2020 January
Dr MD OQAIL AHMAD,"Sanjeev Kumar Mandal, Amit Sharma, Madhuri Agrawal, Md Oqail Ahmad, Dr Dileep Pulugu, Chandradeep Bhatt, Rajanish Kumar Kaushal, “Deep Learning for Enhanced Visibility with Convolutional Adversarial Image Synthesis Networks for Image Dehazing and Clarity Enhancement, Journal for Control, Measurement, Electronics, Computing and Communications, Automatika, 2024. SCIE. Revision",2024 May
Dr MD OQAIL AHMAD,"M Shunmugasundaram, Md Oqail Ahmad, T. Subha, A Tamizhselvi, Sujatha Kamepalli, T Krishnan, “An Effective Method for managing Waste in Smart Cities based on Deep Residual Neural Network Approach”, Journal of Environmental Protection and Ecology, Publisher: Scibulcom Ltd. ISSN:1311-5065, (Vol. 25, Issue 2, pp. 420–429), 2024 (Scopus Index) https://scibulcom.net/en/article/9shvmk4LhQicsESGPdcU",2024 April
Dr MD OQAIL AHMAD,"Dr. Suresh Palarimath, Dr. Subburaj V, Gunjan Chhabra, Dr. P. Ramesh, J.Somasekar, Md Oqail Ahmad, G N Beena Bethel, “Facial Emotion Recognition for Feature Extraction and Ensemble Learning Using Hierarchical Cascade Regression Neural Networks and Random Forest”, Journal of Intelligent and Fuzzy Systems, 2024. SCIE. Revision",2024 March
Dr MD OQAIL AHMAD,"Alsadig Hadi Alsadig, Md Oqail Ahmad,""Phishing URL Detection Using Deep Learning with CNN Models"", 2024 Second International Conference on Intelligent Cyber Physical Systems and Internet of Things (ICoICI), Pages 768-775, Publisher IEEE",2023 October
Dr MD OQAIL AHMAD,"Md Oqail Ahmad and Rafiqul Zaman Khan, “An efficient load balancing scheduling strategy for cloud computing based on hybrid approach”, International Journal of Cloud Computing, Vol. 9, Issue 4, 2020. InderScience Publication. (Scopus Index).",2020 December
Dr MD OQAIL AHMAD,"Md Oqail Ahmad and Rafiqul Zaman Khan, “Optimized Hyper Heuristic Scheduling using Adaptive Load Balancing Algorithm in Cloud Computing”, Journal of Seybold Report, Vol. 15 No. 7, pp. 559-570, ISSN N0: 1533-9211. 2020 (Scopus Indexed).",2020 October
Dr MD OQAIL AHMAD,"Md Oqail Ahmad and Rafiqul Zaman Khan, “PSO-based Task Scheduling Algorithm using Adaptive Load Balancing Approach for Cloud Computing Environment“, International Journal of Scientific and Technology Research (IJSTR), ISSN 2277-8616, Vol. 8, Issue 11, pp. 457-462, November 2019. (Scopus Index).",2020 September
Dr MD OQAIL AHMAD,"Md Oqail Ahmad and Rafiqul Zaman Khan, “Cloud Computing Modeling and Simulation using CloudSim Environment”, International Journal of Recent Technology and Engineering (IJRTE) ISSN: 2277-3878, Volume-8 Issue-2, pp. 5439-5445, July 2019. (Scopus Indexed).",2020 August
Dr MD OQAIL AHMAD,"Rafiqul Zaman Khan and Md Oqail Ahmad, “A Survey on Load Balancing Algorithms in Cloud Computing”, International Journal of Autonomic Computing (IJAC), 2018. InderScience Publication (ACM Digital Library).",2018 August
Dr Keerthi G,Adaptive Quantum Artificial Flora Optimization for Feature Selection in High-Dimensional Data,2025 December
Dr Keerthi G,Development of various current genetic algorithms,2025 September
Dr Keerthi G,Automated Chest X-ray Captioning and Report Generation Using CheXNet and BioGPT,2025 August
Dr Keerthi G,Advances in Feature Selection Using Memetic Algorithms: A Comprehensive Review,2025 June
Dr Keerthi G,An effective initialization for Fuzzy PSO with Greedy Forward Selection in feature selection,2025 January
Dr Keerthi G,Enhancing feature selection in high-dimensional data with fuzzy fitness-integrated memetic algorithms,2024 September
Dr Keerthi G,A comparative analysis of filter and optimization methods for feature selection,2023 December
Dr Keerthi G,"Enhancing face emotion recognition through lbp, sift boosted cnn classification",2023 November
Dr Keerthi G,AI-based mental fatigue recognition and responsive recommendation system,2022 November
Dr Keerthi G,Real Time Cnn Based Detection of Face Mask Using Mobilenetv2 to Prevent Covid-19.,2021 June
Dr Keerthi G,Text and Image Classification using Conventional Machine Learning to Convolutional Neural Networks,2019 September
Dr Keerthi G,Nirbhaya - Protect the Woman from Unavoidable Circumstances Using Android Application,2018 October
Dr Keerthi G,"Cloudlet Deployment to Balance Energy Consumption in Wireless Networks: A Survey, Issues and Challenges",2017 July
Dr Bhimavarapu Krishna Reddy,"Reddy K, Bhattacharjee A. Experimental analysis of efficacy of carrier aggregation. Internet Technology Letters. 2024;7(6):e501. doi: 10.1002/itl2.501",2024 January
Dr Bhimavarapu Krishna Reddy,"Reddy, Krishna, and Biswanath Dey. ""Near field communication over cognitive radio networks: an overview."" International Journal of Computational Intelligence & IoT 1.2",2018 December
Dr K.V. KRISHNA KISHORE,"Vallabhajosyula, Sasikala, Venkatramaphanikumar Sistla, and Venkata Krishna Kishore Kolli. ""A novel hierarchical framework for plant leaf disease detection using residual vision transformer."" Heliyon 10.9 (2024). {SCIE, IF: 4}",2024 January
Dr K.V. KRISHNA KISHORE,"Tejaswi, Potluri, S. Venkatramaphanikumar, and K. Venkata Krishna Kishore. ""Proctor net: An AI framework for suspicious activity detection in online proctored examinations."" Measurement 206 (2023): 112266. {SCIE, IF: 5.1}",2023 January
Dr K.V. KRISHNA KISHORE,"Potluri, Tejaswi, and Venkata Krishna Kishore K. ""An automated online proctoring system using attentive-net to assess student mischievous behavior."" Multimedia Tools and Applications 82.20 (2023): 30375-30404. {SCIE, IF: 3.6}",2023 January
Dr K.V. KRISHNA KISHORE,"Siva Koteswara Rao Chinnam, Venkatramaphanikumar Sistla, Venkata Krishna Kishore Kolli, Multimodal attention-gated cascaded U-Net model for automatic brain tumor detection and segmentation, Biomedical Signal Processing and Control, Volume 78, 2022, 103907, ISSN 1746-8094. https://doi.org/10.1016/j.bspc.2022.103907. {SCIE, IF: 5.1}",2022 January
Dr K.V. KRISHNA KISHORE,"Vallabhajosyula, Sasikala, Venkatramaphanikumar Sistla, and Venkata Krishna Kishore Kolli. ""Transfer learning-based deep ensemble neural network for plant leaf disease detection."" Journal of Plant Diseases and Protection 129.3 (2022): 545-558. {SCIE, 1.9}",2022 January
Dr K.V. KRISHNA KISHORE,"Shaik, Riyaz, and S. Venkatramaphanikumar. ""Sentiment analysis with wordbased Urdu speech recognition."" Journal of Ambient Intelligence and Humanized Computing 13.5 (2022): 2511-2531. {SCIE, IF: 2.7}",2022 January
Dr K.V. KRISHNA KISHORE,"Edara, Deepak Chowdary, Venkatramaphanikumar Sistla, and Venkata Krishna Kishore Kolli. ""Deep finesse network model with multichannel syntactic and contextual features for target-specific sentiment classification."" Applied Intelligence 52.8 (2022): 8664-8684. {SCIE, IF: 5.1}",2022 January
Dr K.V. KRISHNA KISHORE,"Edara, D.C., Vanukuri, L.P., Venkatrama Phani Kumar S, K V Krishna Kishore, Sentiment analysis and text categorization of cancer medical records with LSTM. Journal of Ambient Intelligence and Humanized Computing (2019). {SCIE, IF: 7.1}",2020 January
Dr K Rachananjali,"• Omar H. AL-Zoubi, Muktha Eti, Carlos Rodriguez-Benites, Merwa Alhadrawi, Rachananjali Kunamneni, Ahmed Fouly, Emad Mahrous Awwad, Abhinav Kumar, Anaheed Hussein Kareem , “Fabrication of innovative ZnCo2O4/Ti3C2Tx MXene nanocomposite counter electrode to replace Pt in dye-sensitized solar cells and improve solar cell performance” in Materials Science in Semiconductor Processing, Vol 181, 108663, Oct 2024. Impact Factor 4.2",2024 October
Dr K Rachananjali,"• Shaik Moulana Samiulla, Rachananjali Kunamneni, “A novel development of a new single switch inductor coupled DC-DC converter for PV system with two-leg inverter” in Scientific Reports, Vol 14, Issue 1, 10734, Mar 2024. Impact Factor 3.8",2024 March
Dr K Rachananjali,"• Shraddha Kaushik, K. Rachananjali, Vijay Nath, “A novel LSTM-based EMS and interleaved DC-DC boost converter topology for real-time driving conditions in HEVs” in Electrical Engineering. Impact Factor 1.8 (Published online)",2024 January
Dr K Rachananjali,"• Oriza Candra · Abdeljelil Chammam, Mohammed. I. Alghamdi, Harikumar Pallathadka, Rachananjali Kunamneni, Rosario Mireya Romero-Parra, Hussein Ali Hussein, Amjad Ali, Ibrahim H. Al-Kharsan, Aymen Mohammed, “Optimal energy scheduling of the smart stand-alone electrical distribution grid considering power-to-gas storage technology and reserve strategy” in Electrical Engineering in Vol 106, Issue 2, 2024, pp 1939~1958. Impact Factor 1.8",2024 January
Dr K Rachananjali,"• Rachananjali K, Bala Krishna K, CH N Narasimha Rao, “Smart Grid Integrated Multilevel Inverter Designed For Photovoltaic conve4rsion” in TELEMATIQUE in Vol 22, Issue 1, 2023, pp 3180~3189. Impact Factor 1.75",2023 January
Dr K Rachananjali,"• Rachananjali K, Srinu Naik R, Bala Krishna K, Srinivasa Rao Y, “Efficient modeling and simulation of grid connected MMC for sustainable photovoltaic and wind conversion system” in Sustainable Computing: Informatics and Systems in Vol.28, Dec 2020,100402. Impact Factor 4.028",2023 January
Dr K Rachananjali,"• Bala Krishna K, Rachananjali K, “Arduino Based Solar tracking system” in Neuroquantology in Vol 20, Issue 10, Aug 2022, pp 11627~11631. Impact Factor 0.453",2022 August
Dr K Rachananjali,"• Rachananjali K, Bala Krishna K, CH N Narasimha Rao, “Automatic energy meter reading for multiple devices employing prepaid alerting system” in International Journal of Health Sciences in Sp 6, 2022, pp 6844~6853. Impact Factor 1.75",2022 January
Dr K Rachananjali,"• Bala Krishna K, Rachananjali K, CH N Narasimha Rao, “Obstacle avoiding robotic vehicle with arduino and ultrasonic sensor” in International Journal of Health Sciences in Sp 6, 2022, pp 6888~6898. Impact Factor 1.75",2022 January
Dr K Rachananjali,"• Rachananjali K, Shraddha K, “System Assimilation for an Efficient Power Split-Load sharing technology between battery, ultra capacitor & PY system on HEVs” Neuroquantology in Vol 20, Issue 10, Aug 2022, pp 11632~11635. Impact Factor 0.453",2022 January
Dr K Rachananjali,"• Y Srinivasa Rao, Rachananjali K, M K Pathak, “Zero sequence voltage injection method for DC cluster voltage equalization in cascaded H bridge D Statcom” in Neuroquantology in Vol 20, Issue 11, Oct 2022, pp 7532~7539. Impact Factor 0.453",2022 January
Dr K Rachananjali,"• Rachananjali K, Bala Krishna K, Jabeena Syed, “Implementation of Photovoltaic Based Cascaded H-Bridge Multilevel Inverter” in Journal of Green Engineering in Vol.11 (3), Mar 2021, pp 2660~2676. Impact Factor 1.58",2021 March
Dr K Rachananjali,"• Rachananjali K, Bala Krishna K, Aishma M, Sk Khamarjahan, “Arduino Primarily Based Robotic Household Appliance” in Converters Magazine in Vol.8, 2021, pp 88~92. Impact Factor 0.106",2021 January
Dr K Rachananjali,"• Bala Krishna K, Rachananjali K, Mercy Rosalina K, Srinivasa Rao Y, “Economic Analysis of a Power System Network using Optimal Placement of PMUs and DULRs through complete and incomplete observability analysis” in Journal of Electrical Engineering & Technology in Vol.16 No.1, 2021, pp 55~66. Impact Factor 1.15",2021 January
Dr K Rachananjali,"• Bala Krishna K, Rachananjali K, Narasimha Rao Ch, “Design and fabrication of a quadcopter for seed dropping application” in International Journal of Disaster Recovery and Business continuity in Vol.11 No.1, 2020, pp 1560~1564.",2020 January
Dr K Rachananjali,"• Narasimha Rao Ch, Bala Krishna K,Bharat Kumar N, Rachananjali K, , “Design and performance of Cascaded H bridge Multilevel inverter fed BLDC motor drive” in International Journal of Grid and Distributed computing in Vol.13 No.1, 2020, pp 1243~1251.",2020 January
Dr K Rachananjali,"• Rachananjali K, Srinu Naik R, “A grid connected modular multilevel converter for photovoltaic energy conversion” in Mathematical Modeling of Engineering Problems in Vol.6 (4), Dec 2019, pp 535~540. Impact Factor 1.659",2019 December
Dr K Rachananjali,"• Rachananjali K, Bala Krishna K, Sai Chaitanya V “Design and Implementation of Electrical Buggy” in Journal of Mechanics of Continua and Mathematical Sciences in Vol.14 (6), Dec 2019, pp 887~894.",2019 December
Dr K Rachananjali,"• Bala Krishna K, Rachananjali K, Naveen Reddy A, “Surveillance and Intrusion Detection system for critical installation” in Journal of Mechanics of Continua and Mathematical Sciences in Vol.14 (6), Dec 2019, pp 895~901.",2019 December
Dr K Rachananjali,"• Ch N Narasimha Rao, Bala Krishna K, Rachananjali K, Sravani V, “Unmanned Flying vehicles for various applications and their future scope in India” in Journal of Mechanics of Continua and Mathematical Sciences in Vol.14 (6), Dec 2019, pp 747~760.",2019 December
Dr K Rachananjali,"• Rachananjali K, Srinu Naik R, Bala Krishna K “Implementation of Modular Multilevel Inverter for Extraction of Wind Energy” in Journal of Green Engineering in Vol.9 (3), Oct 2019, pp 451~461. Impact Factor 1.58",2019 October
Dr K Rachananjali,"• Rachananjali K, Srinu Naik R, “Design and Implementation of Modular Multilevel Converter for Photovoltaic Energy Generation Using Hill Search Method” in International Journal of Engineering & Technology in Vol.7 (4.24),2018, pp 38~41. Impact Factor 0.103",2018 January
Dr K Rachananjali,"• Bala Krishna K, Rachananjali K, Srinivasa Rao Y, Naveen Reddy A, “Voltage control of multiple feeders by voltage regulator and instant DG” in European Journal of Electrical Engineering in Vol.20 (1),2018, pp 105~113. Impact Factor 0.269",2018 January
Dr K Rachananjali,"• Rachananjali K, Bala Krishna K, Suman S, Tejasree V, “Modelling of an ANFIS Controller for Series Parallel Hybrid Vehicle” in Artificial Intelligence and Evolutionary Computations in Engineering Systems, Advances in Intelligent Systems and Computing Vol 668, pp 631~643, 2018,ISSN:2194-5357. Impact Factor 0.626",2018 January
Dr K Rachananjali,"• Rachananjali K, Dr Srinu Naik R, K Suguna “Implementation of modular multilevel converter” in Journal of Advanced Research in Dynamical and Control Systems in Vol. 9, Issue 5, Oct 2017, pp 251~258, ISSN: 1943-023X. Impact Factor 0.308",2017 October
Dr K Rachananjali,"• Suguna K, Rachananjali K, Bala Krishna K and Sandeep M “Distributed Power Flow Controller (DPFC)” in Journal of Advanced Research in Dynamical and Control Systems in Vol. 9, Special Issue. 14, 2017, pp. 2783~2788 ISSN: 1943-023X. Impact Factor 0.308",2017 January
Dr K Rachananjali,"• Bala Krishna K, Rachananjali K, Rajani K and Purna Sai Teja “Design of MPPT based Solar Photo Voltaic System for Household Applications” in Journal of Advanced Research in Dynamical and Control Systems in Vol. 9, Special Issue. 14, 2017, pp. 2775~2781 ISSN: 1943-023X. Impact Factor 0.308",2017 January
Dr K Rachananjali,"• Rajani K, Rachananjali K, Bala Krishna K and V S L Tirumala “Speed control of single phase induction motor using single phase matrix converter” in International Journal of Control, Theory and Applications (IJCTA) in Vol. 9, No. 29, Oct 2016, pp. 267~271 ISSN: 0974-5572. Impact Factor 0.111",2016 October
Dr K Rachananjali,"• Suman S, Rachananjali K and Bala Krishna K “Triplet Deadly combination of renewable energy resources for generation of electric power” in International Journal of Control, Theory and Applications (IJCTA) in Vol. 8, No. 1, Jan-June 2015, pp. 85~94 ISSN: 0974-5572. Impact Factor 0.111",2015 January
Dr K Rachananjali,"• Rachananjali K, Suman S, Rambabu M and Ashok Kumar K “Implementation of phase imbalance scheme for stabilizing torsional oscillations” in International Journal of Electrical and Computer Engineering (IJECE) in Vol. 4, No. 5, October 2014, pp. 697~702. ISSN: 2088-8708. Impact Factor 0.684",2014 October
Dr D. Yakobu,"Yakobu Dasari, Katiki Rishitha and Ongole Gandhi, Prediction of Bank Loan Status Using Machine Learning Algorithms, (Unpaid Scopus - International Journal of Computing and Digital Systems), Http://Dx.Doi.Org/10.12785/Ijcds, ISSN (2210-142X) Int. J. Com. Dig. Sys. No. (Mon-20).",2023 December
Dr D. Yakobu,"Ongole Gandhi, Yakobu Dasari, Dr. M. Anusha, R Prathap Kumar, An Approach to Recommend Music Using Facial Emotion Gestures, (Unpaid Scopus - Journal of Data Acquisition and Processing), DOI: 10.5281/Zenodo.777518.",2023 June
Dr D. Yakobu,"D. Yakobu, Ch. Vramireddy, Clustering Student Learners Based on Performance using K-Means Algorithm, International Conference on Mobile and Embedded Technology Conference (MECON - 2022).",2022 March
Dr D. Yakobu,"Dasari Yakobu, Hemantha Kumar Kalluri, Venkatesulu Dondeti, An Enhanced Secure, Robust and Efficient Crypto Scheme for Ensuring Data Privacy in Public Cloud Using Obfuscation & Encryption, DOI: https://doi.org/10.18280/isi.240607. (Unpaid Scopus – Ingénierie des Systèmesd’Information).",2020 December
Dr D. Yakobu,"Venkata RamiReddy Chirra, Hoolda Daniel Maddiboyina, Yakobu Dasari, Ranganadha reddy Aluru, Performance Evaluation of Email Spam Text Classification Using Deep Neural Networks, (Scopus - Review of Computer Engineering Studies), Https://Doi.Org/10.18280/Rces.070403",2020 December
Dr D. Yakobu,"Sai Sudha Sonali Palakodati, Venkata Rami Reddy Chirra, Yakobu Dasari, Suneetha Bulla, Fresh and Rotten Fruits Classification Using CNN and Transfer Learning, DOI:https://doi.org/10.18280/ria.340512, (Scopus - Revue d'Intelligence Artificielle).",2020 November
Dr D. Yakobu,"Balaji Banothu, Teki Satyanarayana Murthy, ChirraVenkata Rami Reddy, Dasari Yakobu, High-Order Total Bounded Variation Approach for Gaussian Noise and Blur Removal, International Journal of Advanced Science and Technology Vol. 29, No. 3, (2020), pp. 10152 – 10161.",2020 August
Dr D. Yakobu,"Dasari Yakobu, ChirraVenkata Rami Reddy, Venkatramaphani Kumar Sistla, A Novel Energy Efficient Scheduling for VM Consolidation and Migration in Cloud Data Centers”, DOI: https://doi.org/10.18280/isi.240512. (Unpaid Scopus – Ingénierie des Systèmesd’Information).",2019 November
Dr D. Yakobu,"Yakobu Dasari, Shanmugam M, A Hybrid Secure Mechanism for Effective Storage Confidentiality to Ensure Data Integrity and Privacy in Public Cloud, (Unpaid Scopus - Jour of Adv Research in Dynamical & Control Systems), Vol. 11, Issue -07, 2019.",2019 July
Dr D. Yakobu,"Yakobu Dasari, Hemanth Kumar Kalluri, VenkatesuluDondeti, A Crypto Scheme Using Data Obfuscation of Entity Detection and Replacement for Private Cloud, DOI: https://doi.org/10.18280/ijsse.100315, (Unpaid Scopus – International Journal of Safety and Security Engineering).",2019 June
Dr D. Yakobu,"T. Satyanarayana Murthy, N.P. Gopalan, D.Yakobu, An Efficient un-realization algorithm for privacy preserving decision tree learning using McDiarmid's bound, International Journal of Innovative Technology and Exploring Engineering (IJITEE) ISSN: 2278-3075, Volume-8 Issue-4S2 March, 20.",2019 March
Dr D. Yakobu,"Ebenezer Jangam, A. Chandrasekhar Rao, Uppalapati Srilakshmi, D. Yakobu, Segmentation Of Lungs From Chest X-Ray Using Euler Number-Based Thresholding, Morphological Operators And Greedy Snakes, International Journal of Recent Technology And Engineering, Http://Ijrte.Org/.",2019 February
Dr D. Yakobu,"Padmavathi Chinthareddy, Gnaneswara Rao Nitta, S.V Ramakrishna, D.Yakobu, Collaborative Filtering Recommendation System Cuckoo Search Optimization and K-Nearest Neighbor Classifier, (Scopus - Journal Of Advanced Research In Dynamical And Control Systems), 10.5373/JARDCS/V11I11/20193021.",2017 December
Dr D. Yakobu,"S.Chaitanya Kumar, Gnaneswara Rao Nitta, S. Deva Kumar, D.Yakobu, Tamura Texture Feature Based Image Classification for the Detection of Tumour from MRI Bone, (Scopus - Journal Of Advanced Research In Dynamical And Control Systems), 10.5373/JARDCS/V11I11/20193021.",2017 September
Dr D. Yakobu,"Gowthami Garikapati, Yakobu D, GnaneswaraRao Nitta, Amudhavel J, An Analysis of Cloud Data Security Issues and Mechanisms, International Journal of Pure and Applied Mathematics, Volume 116 No. 6 2017, 141-147 ISSN: 1311-8080 (printed version); ISSN: 1314-3395 (on-line version) url: http://www.ijpam.eu Special Issue.",2017 June
Dr D. Yakobu,"Kanakamedala Vineela, D.S Bhupal Naik , D. Yakobu, Mining, Correlated High Utility Frequent Association Rules, (Scopus - Journal Of Advanced Research In Dynamical And Control Systems), Http://Www.Ijpam.Eu.",2017 June
Dr Prashant Upadhyay,"P. Kumar, P. Upadhyay, “A Modified Deep Learning Based Convolutional Neural Network Model for Facial Emotion Prediction”, Computer and Research Development, Vol.24, No.7, pp.382-390, 2024 (Scopus)",2024 September
Dr Prashant Upadhyay,"Thakur, D., Patidar, H., Maheshwari, V., Kar, R., Upadhyay, P. (2023). An Efficient 8T GDI Enable Full Adder Design for Data Path Subsystem. In: Chakraborty, B., Biswas, A., Chakrabarti, A. (eds) Advances in Data Science and Computing Technologies. ADSC 2022. Lecture Notes in Electrical Engineering, vol 1056. Springer, Singapore. https://doi.org/10.1007/978-981-99-3656-4_66 (Scopus)",2023 September
Dr Prashant Upadhyay,"LAYA, P., HARSHITHA, E., MADHU, Y., UPADHYAY, P., & RAJASEKARAN, S. (2023). IOT BASED WHEELED ROBOTIC ARM. INTERNATIONAL JOURNAL OF SCIENTIFIC & TECHNICAL DEVELOPMENT.",2023 June
Dr Prashant Upadhyay,"R. Bera, S. Cheruvu, K. Kundu, P. Upadhyay, D. Mandal, “Array Antenna Pattern Synthesis using Improved Particle Swarm Optimization (IPSO) Algorithm”, ECTI Transactions on Electrical Engineering, Electronics, and Communications, Vol. 21, No. 2, pp.249806, 2023. (Scopus)",2023 June
Dr Prashant Upadhyay,"V. Aggarwal, S. Kesharwani, A. Khosla, P. Upadhyay, & A. Kumar, “A Study on Tunable SIW-Based Self-Diplexing Antenna”, Singapore: Springer Nature Singapore, Jan, Vol. 554, pp. 215-225, 2023. (Scopus)",2023 February
Dr Prashant Upadhyay,"S. Nanda, P. Upadhyay, “A compact UWB Monopole Antenna for GPS, LTE and Satellite application with Hybrid Polarization”, 2023 IEEE3rd International conference on Artificial Intelligence and Signal Processing (AISP), pp.1-4, 2023",2023 February
Dr Prashant Upadhyay,"A. Nayyer and P. Upadhyay, “Role of Artificial Intelligence in Healthcare System: An Overview”, Mobile Health: Advances in Research and Applications-Volume-II, Chapter-6, Nova Science Publisher, October 06, 2022. (Scopus)",2022 October
Dr Prashant Upadhyay,"I. Rosaline, A. Kumar, P. Upadhyay, A. H. Murshed, “Four Element MIMO Antenna System with Decoupling lines for High Speed 5G Wireless Data Communication”, International Journal of Antennas and Propagation, 2022. (SCI-IF- 1.5)",2022 July
Dr Prashant Upadhyay,"P. Upadhyay, R. Kar, D. Mandal, S. P. Ghoshal, Navyavani Yalla, “A Design of Highly Stable and Low Power SRAM Cell”, Advances in Intelligent Systems and Computing, vol. 759, pp. 281-289, 2019, Springer, Singapore. (Scopus)",2019 June
Dr Prashant Upadhyay,"P. Upadhyay, N. Kar, R. Kar, D. Mandal, S. P. Ghoshal, “A Low Power 9T SRAM Cell Design for both Active and Passive Mode”, Proc. 15th IEEE International Conference ECTI-CON, Thailand, pp. 672-675, July 18-21, 2018",2018 July
Dr Prashant Upadhyay,"P. Upadhyay, J.S. Sharma, R. Kar, D. Mandal, S. P. Ghoshal, “A Novel 8T SRAM Cell with Low Swing Voltage for Portable Device”, Proc. 15th IEEE International Conference ECTI-CON, Thailand, pp. 676-679, July 18-21, 2018",2018 July
Dr Prashant Upadhyay,"P. Upadhyay, R. Kar, D. Mandal, S. P. Ghoshal, ""A 12T MT-CMOS Low Power and Low Leakage SRAM cell "", International Journal of Computer Aided Engineering and Technology, Vol. 9, No. 3, pp. 307-323, 2017. Inderscience (Scopus)",2017 September
Dr Prashant Upadhyay,"P. Upadhyay, R. Kar, D. Mandal, S. P. Ghoshal, ""A Novel Low Power 8T SRAM Cell Design Using Lower and Upper Self Controllable Voltage Level Techniques in 45 nm Technology"", International Journal of Computer Aided Engineering and Technology, Vol. 8, No. 4, pp. 388-412, 2016. Inderscience (Scopus)",2016 October
Dr Prashant Upadhyay,"P. Upadhyay, R. Kar, D. Mandal, S. P. Ghoshal, “A new design method based on Firefly Algorithm for IIR System Identification Problem”, Journal of King Saud University – Engineering Sciences, Vol. 28, No. 2, pp. 174-198, 2016. Elsevier (Scopus)",2016 June
Dr Prashant Upadhyay,"P. Upadhyay, R. Kar, D. Mandal, S. P. Ghoshal, “A Design of Low Swing and Multi threshold Voltage Based Low Power 12T SRAM Cell”, Computers and Electrical Engineering, Vol. 45, pp. 108-121, 2015. Elsevier (SCI-IF- 4.152)",2015 July
Dr Prashant Upadhyay,"P. Upadhyay, R. Kar, D. Mandal, S. P. Ghoshal, “Craziness based Particle Swarm Optimization Algorithm for IIR System Identification Problem”, AEÜ International Journal of Electronics and Communications, Vol. 68, No. 5, pp. 369-378, May-2014, Elsevier. (SCI-IF- 3.2)",2015 May
Dr Prashant Upadhyay,"P. Upadhyay, R. Kar, D. Mandal, S. P. Ghoshal, “Characteristic Analysis of a Novel Low Power 10T SRAM cell during Read and Write Operations"", International Journal of Computer Aided Engineering and Technology, Vol. 7, No. 4, pp. 496-515, 2015. Inderscience (Scopus)",2015 May
Dr Prashant Upadhyay,"P. Upadhyay, R. Kar, D. Mandal, S. P. Ghoshal, ""An Efficient Differential Evolution with Wavelet Mutation Algorithm for Optimal IIR Filter Design"", International Journal of Bio-Inspired Computation, Vol. 6, No. 5, pp. 350-367, 2014, Inderscience (SCI-IF- 3.5)",2014 October
Dr Prashant Upadhyay,"P. Upadhyay, R. Kar, D. Mandal, S. P. Ghoshal, “Opposition based Differential Evolution for IIR System Identification Problem”, International Journal of Modeling, Simulation, and Scientific Computing, Vol. 5, No. 4, pp. 1-57, 2014, World Scientific. (ESCI-IF-1.2)",2014 October
Dr Prashant Upadhyay,"P. Upadhyay, R. Kar, D. Mandal, S. P. Ghoshal, “Collective Animal Behaviour based Optimization Algorithm for IIR System Identification Problem”, International Journal of Swarm Intelligence Research, Vol. 5, No. 1, pp. 1-35, 2014, IGI Global (ESCI-IF-1.1)",2014 September
Dr Prashant Upadhyay,"P. Upadhyay, R. Kar, D. Mandal, S. P. Ghoshal, “IIR system identification using SEOA”, International Journal of Modelling, Identification and Control, Vol. 22, No. 1, pp. 80-112, 2014, Inderscience. (ESCI-IF-0.7)",2014 July
Dr Prashant Upadhyay,"P. Chauhan, P. Upadhyay, “A Nyquist Filter based Technique to Reduce PAPR in OFDM-MIMO Communication System”, IOSR Journal of Electronics and Communication Engineering (IOSR-JECE), Vol. 9, No. 5, Ver. III, pp. 12-19, 2014",2014 July
Dr Prashant Upadhyay,"P. Upadhyay, R. Kar, D. Mandal, V. Mukherjee, S. P. Ghoshal, “A Novel Design Method for Optimal IIR System Identification using Opposition based Harmony Search Algorithm”, Journal of the Franklin Institute, Vol. 351, No. 5, pp. 2454-2488, May-2014, Elsevier. (SCI-IF- 4.1)",2014 May
Dr Prashant Upadhyay,"P. Upadhyay, P. Kundu, R. Kar, D. Mandal, S. P. Ghoshal, “A Novel 10T SRAM Cell with Low Power Dissipation in Active and Sleep Mode for Write Operation”, Proc. 11th IEEE International Joint Conference on Computer Science and Software Engineering (JCSSE 2014), pp. 206-211, Cholburi, Thailand, May 14-16, 2014.",2014 May
Dr Prashant Upadhyay,"P. Upadhyay, S. Ghosh, R. Kar, D. Mandal, S. P. Ghoshal, “Low Static and Dynamic Power MTCMOS Based 12T SRAM Cell for High Speed Memory Systems”, Proc. 11th IEEE International Joint Conference on Computer Science and Software Engineering (JCSSE 2014), pp. 212-217, Cholburi, Thailand, May 14-16, 2014",2014 May
Dr Prashant Upadhyay,"P. Upadhyay, R. Kar, D. Mandal, S. P. Ghoshal, “Read Stability and Power Analysis of a Proposed Novel 8T SRAM Cell in 45nm Technology”, Scientia Iranica Journal, Vol. 21, No. 3, pp. 953-962, 2014, Elsevier (SCI-IF- 1.416)",2014 April
Dr Prashant Upadhyay,"P. Upadhyay, R. Kar, D. Mandal, S. P. Ghoshal, “Low Power with High Stability 12T MTCMOS Based SRAM Cell for Write Operation”, Proc. 4th IEEE International Conference on Communication and Signal Processing (ICCSP-2014), pp. 21-25, Tamilnadu, India, April 3-5, 2014.",2014 April
Dr Prashant Upadhyay,"P. Upadhyay, R. Kar, D. Mandal, S. P. Ghoshal, “A Novel 10T SRAM Cell for Low Power Circuits”, Proc. 4th IEEE International Conference on Communication and Signal Processing (ICCSP-2014), pp. 16-20, Tamilnadu, India, April 3-5, 2014.",2014 April
Dr Prashant Upadhyay,"P. Upadhyay, R. Kar, D. Mandal, S. P. Ghoshal, “IIR system identification using differential evolution with wavelet mutation”, Engineering Science and Technology: An International Journal, Vol. 17, No. 1, pp. 8-24, March-2014, Elsevier. (SCI-IF- 5.7)",2014 March
Dr Prashant Upadhyay,"P. Upadhyay, R. Kar, D. Mandal, S. P. Ghoshal, “Stability Analysis of a Novel Proposed Low Power 10T SRAM cell for Write Operation” Proc. IEEE 4th International Conference on Advanced Computing & Communication Technologies, (ACCT-14), pp.100-105, Feb 8-9, 2014, Rohtak, India.",2014 February
Dr Prashant Upadhyay,"P. Upadhyay, Nidhi Agarwal, R. Kar, D. Mandal, S. P. Ghoshal, “Power and Stability Analysis of a Proposed 12T MTCMOS SRAM Cell for Low Power Devices” Proc. IEEE 4th International Conference on Advanced Computing & Communication Technologies, (ACCT-14), pp.112-117, Feb 8-9, 2014, Rohtak, India",2014 February
Dr Prashant Upadhyay,"A. Kanwar, P. Upadhyay, “An Appearance based Approach for Gait Identification using Infrared Imaging”, Proc. 6th IEEE International Conference on Issues and Challenges in Intelligent Computing Techniques (ICICT-2014), pp.724-729, Feb 7-8, 2014, KIET, Ghziabad, India",2014 February
Dr Prashant Upadhyay,"A. Kanwar, P. Upadhyay, “Infrared Imaging for Human Identification at A Distance Using Gait Biometrics”, Proc. International Conference on Advanced Information Communication Technology in Engineering (ICAICTE-2K13), pp. 290-295, Nov 22-23, 2013, TITS, Bhiwani",2013 November
Dr Prashant Upadhyay,"A. Kanwar, P. Upadhyay, “A Novel Silhouette Based Approach for Identification of Human using Gait Biometrics”, Proc. International Conference on Electronics & Information Technology, pp. 33-43, Oct. 4-5, 2013, Thapar University, Patiyala",2013 October
Dr Prashant Upadhyay,"P. Upadhyay, R. Kar, D. Mandal, S. P. Ghoshal, ""DC Noise Margin and Failure Analysis of Proposed Low Swing Voltage SRAM cell for High Speed CMOS Circuit"", Proc. 3rd IEEE International Conference on Communication and Signal Processing (ICCSP- 2013), Tamilnadu, India, pp. 966-970, April 3-5, 2013",2013 April
Dr Prashant Upadhyay,"P. Upadhyay, S. K. Chhotray, R. Kar, D. Mandal, S. P. Ghoshal, "" Analysis of Static Noise Margin and Power Dissipation of a Proposed Low Voltage Swing 8T SRAM cell"", Proc. 3rd IEEE international Conference on Information and Communication Technologies (ICT -2013), Kanyakumari, India, pp. 316-320, April 11-12, 2013",2013 April
Dr Prashant Upadhyay,"P. Upadhyay, R. Kar, D. Mandal, S. P. Ghoshal, ""Dynamic Noise Margin Analysis of a Low Voltage Swing 8T SRAM Cell for Write Operation"", International Journal of Signal Processing Systems, Vol.1, No.2, pp.136-140, 2013, ET Publishers, USA",2013 February
Dr Prashant Upadhyay,"P. Upadhyay, S. K. Chhotray, R. Kar, D. Mandal, S. P. Ghoshal, ""Write Stability Analysis of 8-T Novel SRAM cell for High Speed Application"", Proc. 3rd IEEE International Advance Computing Conference (IACC 2013), Ghaziabad, India, pp.1564-1567, Feb 22-23, 2013",2013 February
Dr Prashant Upadhyay,"P. Upadhyay, R. Kar, D. Mandal, S. P. Ghoshal, ""A Low Power CMOS Voltage Mode SRAM Cell for High Speed VLSI Design"", Proc. IEEE Asia Pacific Conference on Postgraduate Research in Microelectronics and Electronics (PrimeAsia), BITS, Hyderabad, India, pp. 25-28, December 5-7, 2012",2012 December
Dr Prashant Upadhyay,"P. Upadhyay, R. Mehra, “A Proposed Low Power 8-T SRAM cell for Programmable Devices”, 1st International Conference on Current Trends in Technology (NUiCONE-2010), pp.1-5, 9-11, Dec., 2010 at Nirma University, Ahmadabad",2010 December
Dr Prashant Upadhyay,"P. Upadhyay, R. Mehra, “Low Power Design of an SRAM cell for Portable Devices”, Proc. 1st IEEE International conference on Computer and Communication Technology (ICCCT), pp.255-259, 17-19 Sept., 2010 at NIT Allahabad",2010 September
Dr Prashant Upadhyay,"N. Thakur, S. Devi, P. Upadhyay, “Grayscale Image Quality Measure in Spatial Domain”, Proc. 1st IEEE International Conference on Computer Communication Technology (ICCCT), pp. 224-229, 17-19 Sept., 2010 at NIT Allahabad.",2010 September
Dr Prashant Upadhyay,"P. Upadhyay, R. Mehra, “Low Power Design of 64-bits Memory by using 8-T Proposed SRAM Cell”, International journal of Research and Reviews in Computer Science (IJRRCS), Vol.1, No.4, pp. 168-172, 2010",2010 August
Dr SATISH KUMAR SATTI,"Rajareddy, G. N., Mishra, K., Satti, S. K., Chhabra, G. S., Sahoo, K. S., & Gandomi, A. H. (2025). A digital twin-enabled fog-edge-assisted IoAT framework for Oryza Sativa disease identification and classification. Ecological Informatics, 87, 103063.[SCIE, IF=7.3]",2025 July
Dr SATISH KUMAR SATTI,"Satti, S.K., Rajareddy, G.N.V., Mishra, K. et al. Potholes and traffic signs detection by classifier with vision transformers. Scientific Reports 14, 2215 (2024). https://doi.org/10.1038/s41598-024-52426-4 [SCIE-IF 4.6, Q1]",2024 February
Dr SATISH KUMAR SATTI,"Dhar, P., Kothandapani, S. D., Satti, S. K., & Padmanabhan, S. (2023). HPKNN: Hyper‐parameter optimized KNN classifier for classification of poikilocytosis. International Journal of Imaging Systems and Technology, 33(3), 928-950. https://doi.org/10.1002/ima.22841 [SCIE-IF 3.3, Q2]",2023 August
Dr SATISH KUMAR SATTI,"Sekar, K., Satti, S. K., & Srinivasan, P. (2023). EEEDCS: Enhanced energy-efficient distributed compressive sensing-based data collection for WSNs. Sustainable Computing: Informatics and Systems, 38, 100871. https://doi.org/10.1016/j.suscom.2023.100871 [SCIE-IF 4.5, Q1]",2023 June
Dr SATISH KUMAR SATTI,"Jayachitra, J., K, S. D., Manisekaran, S. V., & Satti, S. K. (2023). An optimal deep learning model for recognition of hidden hazardous weapons in terahertz and millimeter wave images. Earth Science Informatics, 2709–2726.https://doi.org/10.1007/s12145-023-01056-x [SCIE-IF 2.8, Q2]",2023 April
Dr SATISH KUMAR SATTI,"Dhar, P., Suganya Devi, K., Satti, S.K. et al. Efficient detection and partitioning of overlapped red blood cells using image processing approach. Innovations Syst Softw Eng (2022). https://doi.org/10.1007/s11334-022-00478-y [ESCI, Scopus-IF 1.2, Q4]",2023 March
Dr SATISH KUMAR SATTI,"Dhar, P., Suganya Devi, K., Satti, S.K. et al. (2023). An hybrid soft attention based XGBoost model for classification of poikilocytosis blood cells. Evolving Systems https://doi.org/10.1007/s12530-023-09549-2 [SCIE-IF 3.2, Q2]",2023 February
Dr SATISH KUMAR SATTI,"Jayachitra, J., Devi, K.S., Satti, S.K. et al. (2023). Terahertz video-based hidden object detection using YOLOv5m and mutation-enabled salp swarm algorithm for enhanced accuracy and faster recognition. J Supercomput (2023). https://doi.org/10.1007/s11227-023-05717-y [SCIE-IF 3.3, Q2]",2023 January
Dr SATISH KUMAR SATTI,"Satish Kumar Satti, Suganya Devi, K., Srinivasan, P., R-ICTS: Recognize the Indian cautionary traffic signs in real-time using an optimized adaptive boosting cascade classifier and a convolutional neural network. Concurrency Computat Pract Exper. 2022; Wiley, 34(10): e6796. https://doi.org/10.1002/cpe.6796 [SCIE-IF 2.0, Q3]",2022 June
Dr SATISH KUMAR SATTI,"Satish Kumar Satti., Devi, K.S., Dhar, P. et al. Detecting potholes on Indian roads using Haar feature-based cascade classifier, convolutional neural network, and instance segmentation. Soft Comput (2022). https://doi.org/10.1007/s00500-022-07265-8 [SCIE-IF 4.1, Q2]",2022 April
Dr SATISH KUMAR SATTI,"Satish Kumar Satti, Suganya Devi,K., Srinivasan, P., Recognizing the Indian Cautionary Traffic Signs using GAN, Improved Mask R-CNN, and Grab Cut. Concurrency Computat Pract Exper. 2022; Wiley https://doi.org/10.1002/cpe.7453 [SCIE-IF 2.0, Q2]",2022 January
Dr SATISH KUMAR SATTI,"Satish Kumar Satti, Suganya Devi,K., Prasad Maddula, N V Vishnumurthy Ravipati, (2021),” Unified Approach for Detecting Traffic signs and Potholes on Indian Roads”, Journal of King Saud University-Computer and Informatics. Elsevier, https://doi.org/10.1016/j.jksuci.2021.12.006 [SCIE-IF 6.9, Q1]",2021 November
Dr SATISH KUMAR SATTI,"Satish Kumar Satti, Suganya Devi,K., Prasenjit Dhar, P. Srinivasan, (2020), “A machine learning approach for detecting and tracking road boundary lanes”, Elsevier, ICT Express, ISSN 405-9595, https://doi.org/10.1016/j.icte.2020.07.007 [SCIE-IF 5.4, Q1]",2020 November
Dr SATISH KUMAR SATTI,"Prasenjit Dhar, Suganya Devi, K., Satish Kumar Satti, P. Srinivasan, (2020),” A study on various segmentation and machine learning algorithms used for early detection of cancer”, Journal of Advanced Research in Dynamical and Control Systems, Volume 12, Issue 6, Pages:1416-1432. https://www.jardcs.org/abstract.php?id=5108",2020 November
Dr SATISH KUMAR SATTI,"Satish Kumar Satti, Suganya Devi K, Prasenjit Dhar, Srinivasan P, (2019), ‘An Efficient Noise separation technique for Removal of Gaussian and Mixed Noises in Monochrome and color Images’, International Journal of Innovative Technology and Exploring Engineering, Vol.8(9), pp.588-601. DOI : 10.35940/ijitee.I1122.0789S219 [Scopus]",2019 November
Dr SATISH KUMAR SATTI,"Satish Kumar Satti, Suganya Devi K, Vishnu Murthy, Srinivasan P, (2019), ‘Efficient Technique for removal of white and mixed noises in gray-scale images’, International journal of Innovative engineering and Management Research,Vol.8(9),pp.22-36.: https://ssrn.com/abstract=3447018 [Elsevier SSRN]",2019 August
Dr Vijitha Ananthi J.,"Ananthi, J. Vijitha, P. Subha Hency Jose, and M. Nesasudha. ""An efficient optimization approach with mobility management for enhanced QoS and secure communication in flying adhoc networks."" Computers and Electrical Engineering 120 (2024): 109665",2024 December
Dr Vinoj Jothipandian,12-SCI/SCIE/ESCI/SCOPUS & 8 UGC Care Listed Journal,2024 August
Mr .Kiran Kumar Kaveti,"Published a Scopus Article in JATIT on ""DISCOVERY OF LIVER MALIGNANCE USING CONVOLUTION NEURAL NETWORK VARIANT""",2024 May
Mr .Kiran Kumar Kaveti,"Published a IEEE Conference Article on ""Advancements of Skin Cancer Classification using Transfer Learning Segmentation""",2024 February
Mr .Kiran Kumar Kaveti,Published Wiley Book Chapter onAutonomous Vehicle Optimization: Striking a Balance Between Cost‐Effectiveness and Sustainability,2023 December
Mr .Kiran Kumar Kaveti,"Published a IEEE Conference Article on ""Data-Driven Early Warning System for Subject Performance: A SMOTE and Ensemble Approach (SMOTE-RFET)""",2023 October
Mr .Kiran Kumar Kaveti,"Published a Scopus Indexed IEEE Conference Article on ""An advanced approach for Smart Parking Solution Based on Ethereum Block chain System""",2021 July
Mr .Kiran Kumar Kaveti,"Published a Scopus Indexed IEEE Conference Article on "" Advanced and Effective Classification of Parkinson's Disease Using Enhanced Neural Networks""",2020 August
Ms Bhimavarapu. Jyothika,Design and Development of Hybrid Deep Learning Technique for Deep Fake Identification: In Limited Dataset Perspective,2026 February
Ms Bhimavarapu. Jyothika,Performance Analysis of Pretrained CNN Models vs Dataset Biases in Deep Fake Identification Perspective,2025 July
Dr G Veerabhadra Chary,"Chary,G.V.B.,andK.Roslina.”ComparisonofTransmissionLineModelsbyExcludingFrequencyDependencein ComplexPowerSystemforErrorEstimation.”JournalofOperationandAutomationinPowerEngineering12.1 (2024): 77-90.Scopus",2024 January
Dr G Veerabhadra Chary,"CHARY,G.VEERABHADRA,RAGHAVAIAHKATURI,andK.MERCYROSALINA.”ReliabilityAssessmentofPower System basedonLoadFlowAnalysisoftheIEEE57BususedinMicroGridApplications.Scopus",2024 January
Dr G Veerabhadra Chary,"Chary,G.VeeraBhadra,RaghavaiahKaturi,andK.MercyRosalina.”DesignandAnalysisofaLowVoltageSimulink Model (LVSM)ofIEEE57Bus.”WSEASTransactionsonPowerSystems19(2024):32-43.Scopus",2024 January
Dr G Veerabhadra Chary,"Chary,G.VeeraBhadra,andK.MercyRosalina.”LeastSquaresRegressionBasedAntLionOptimizertoSolve Optimal ReactivePowerandEconomicLoadDispatchProblems.”JournalofElectricalEngineeringandTechnology 18.5 (2023):3391-3413.SCI",2023 April
Dr G Veerabhadra Chary,"Chary,G.VeeraBhadra,andK.MercyRosalina.”Analysisoftransmissionlinemodelingroutinesbyusingoffsets measuredleastsquaresregressionantlionoptimizerinORPDandELDproblems.”Heliyon9.3(2023).SCI",2023 April
Mr Kiran Kumar Raja Pagidipalli,Radiomorphometric Analysis of Frontal Sinus for Gender Determination in Rayalaseema,2024 January
Mr Mihir Barman,Numerical simulation of pure metal melting and solidification with coupled multiphysics analysis,2023 August
Mr Mihir Barman,Thermal gasification of biomass in fluidized bed,2023 August
Mr Mihir Barman,Characterization of Cu based Functionally Graded materials reinforced with SiC,2023 July
Mr Mihir Barman,Static structural analysis of lower extremity Exoskeleton for industry working Personnel using an analysis software,2023 July
Mr Mihir Barman,Improved design of solar desalination system,2023 July
Mr Mihir Barman,Simulation of liquid & solid metal regions in a continuous casting process using COMSOL Multiphysics,2023 May
Mr Mihir Barman,Critical Speed Analysis of Rotor Shafts Using Campbell Diagrams,2020 July
Mr Mihir Barman,MODELING OF OVERWHELMING CONTROLLER FOR SINGLE DEGREE FREEDOM SYSTEM,2019 February
Mr Mihir Barman,MODELLING AND SIMULATION OF PLANAR SIMULATOR,2019 February
Mr MIHIR BHATT,"Post-Quantum AI-Driven Zero-Trust Architecture for Secure 6G IoT Networks ""IEEE Networking Letters"" 2026",2026 August
Mr MIHIR BHATT,"BFRN-IoV: Blockchain and Fog-Enabled Route Navigation for Internet of Vehicles,"" IEEE Open Journal Vehicular Technology, 2026",2026 April
Mr MIHIR BHATT,"A Blockchain-Assisted Hybrid AI and LLM Framework for Misbehavior Detection in Connected Autonomous Vehicles,"" Proc. IEEE IATMSI, 2026",2026 March
Dr VIJAI MEYYAPPAN MOORTHY,"Vijai M. Moorthy, and Viranjay M. Srivastava, ""Geometrical Optimization and Simulation of NPDA Device for future use in Retinal Implant,"" The journal of technology, management, and applied engineering,The Journal of Technology, Management, and Applied Engineering, Vol. 39, no. 3, pp. 11, Aug 2023",2023 August
Dr VIJAI MEYYAPPAN MOORTHY,"Vijai M. Moorthy, and Viranjay M. Srivastava, ""Device Modelling and Optimization of Planar Hetero-Junction Based Organic Solar Cell (by Varying the Device Dimensions and Material Parameters),"" Nanomaterials 2022, 12, 3031. https://doi. org/10.3390/nano12173031. (SCI Journal)",2023 August
Dr VIJAI MEYYAPPAN MOORTHY,"V. M. Moorthy, R. Venkatesan, and V. M. Srivastava, ""Optimization of Double-Gate Carbon Nanotube FET Characteristics for Short Channel Devices,"" Recent Patents on Nanotechnology, vol. 17, Jun. 2023, doi: 10.2174/1872210517666230622123317",2023 June
Dr VIJAI MEYYAPPAN MOORTHY,"Vijai M Moorthy, Viranjay M Srivastava, ""Modeling, Optimization, and Simulation of Nanomaterials-Based Organic Thin Film Transistor for Future Use in pH Sensing"",Recent Patents on Nanotechnology, Vol.18, no.1, pp 45 - 53, 2023.",2023 April
Dr VIJAI MEYYAPPAN MOORTHY,"Vijai M. Moorthy, Joseph Daniel, R., and Viranjay M Srivastava, Design Optimization and Characterization with Fabrication of Nanomaterials-Based Photo Diode Cell for Subretinal Implant Application, Nanomaterials,Vol. 13, Iss. 5, pp. 934, 2023",2023 March
Dr VIJAI MEYYAPPAN MOORTHY,"Vijai M. Moorthy, Parthasarathy, Va, Joseph Daniel, R., and Viranjay M. Srivastava, ""G-Optrode Bio-Interfaces for Non-Invasive Optical Cell Stimulation: Design and Evaluation, Biosensors. 2022; 12(10):808. https://doi.org/10.3390/bios12100808. (",2022 September
Dr VIJAI MEYYAPPAN MOORTHY,"Vijai M. Moorthy, and Viranjay M. Srivastava,",2022 August
Dr VIJAI MEYYAPPAN MOORTHY,"Vijai M. Moorthy, Joseph Daniel, R., and Shanmugaraja, ""Modelling, Simulation and Analysis of Nano Photo Diode Arrays using CNT's and Graphene Nano Materials for Sub-retinal implant, IOP: Materials Science and Engineering.",2022 February
Dr VIJAI MEYYAPPAN MOORTHY,"Vijai M. Moorthy, Parthasarathy, Va., and Joseph Daniel, R., (2020), Bio-interface behaviour of Graphene and semiconducting SWCNT:C60 blend based nano photodiode for subretinal implant, IET Biosurface and Biotribology, Vol. 6, pp. 53-58.",2020 June
Dr VIJAI MEYYAPPAN MOORTHY,"Vijai M. Moorthy, Sugantharathnam, M., Joseph Daniel, R., and Shanmugaraja, P., (2019), Design and characterisation of graphene-based nano-photodiode array device for photo-stimulation of subretinal implant, IET Micro and Nano Letters, Vol. 11, pp. 1131-1135. (SCI Journal)",2019 September
